{
  "users": [
    {
      "id": 1,
      "name": "Arti",
      "email": "arti12@gmail.com",
      "phone": "635467454",
      "address": "alg"
  },
  {
      "id": 2,
      "name": "Naman",
      "email": "naman34@gmail.com",
      "phone": "587968759",
      "address": "ksg"
  },
  {
      "id": 3,
      "name": "Mohan",
      "email": "mohan@gmail.com",
      "phone": "875987895",
      "address": "hrs"
  },
  {
      "id": 4,
      "name": "Ramit",
      "email": "ramit5@gmail.com",
      "phone": "874589657",
      "address": "agr"
  },
  {
      "id": 5,
      "name": "Reema",
      "email": "reema788@gmail.com",
      "phone": "9847598784",
      "address": "hrs"
  },
  {
      "name": "nick",
      "email": "nick@gmail.com",
      "phone": "562365626",
      "address": "ksg",
      "id": 6
  },
  {
      "name": "nick",
      "email": "nick@gmail.com",
      "phone": "56555562323",
      "address": "ksg",
      "id": 7
  },
    {
      "name": "mohan",
      "email": "mohan1@gmail.com",
      "phone": "52132356523",
      "address": "arg",
      "id": 8
    },
    {
      "name": "arti",
      "email": "arti2@gmail.com",
      "phone": "5566232545",
      "address": "ksg",
      "id": 9
    },
    {
      "name": "sharma",
      "email": "sharma@gmail.com",
      "phone": "1558896963",
      "address": "hrs",
      "id": 10
    }
  ]
}